City_ID,City,Lat,Lng,Max Temp,Humidity,Cloudiness,Wind Speed,Country,Date
0,thompson,55.7435,-97.8558,21.36,86,100,6.91,CA,1707857150
1,port-aux-francais,-49.35,70.2167,46.15,88,100,21.23,TF,1707857151
2,margaret river,-33.95,115.0667,54.12,81,97,10.83,AU,1707857151
3,san antonio de pale,-1.4014,5.6325,83.89,79,100,5.17,GQ,1707857151
4,vila velha,-20.3297,-40.2925,85.95,78,0,13.8,BR,1707857151
5,tiksi,71.6872,128.8694,-13.5,99,100,4.47,RU,1707857151
6,invercargill,-46.4,168.35,61.45,63,0,7.05,NZ,1707857152
7,adamstown,-25.066,-130.1015,76.82,87,99,16.89,PN,1707857152
8,punta arenas,-53.15,-70.9167,66.22,55,75,25.32,CL,1707857152
9,dhidhdhoo,6.8833,73.1,81.64,73,47,7.47,MV,1707857103
10,ilulissat,69.2167,-51.1,-11.18,58,20,3.44,GL,1707857152
11,choyr,46.3611,108.3611,-6.09,91,10,7.96,MN,1707857153
12,bethel,41.3712,-73.414,37.02,76,100,10.36,US,1707857130
13,papatowai,-46.5619,169.4708,65.3,63,0,0.56,NZ,1707857153
14,fort bragg,35.139,-79.006,60.64,24,0,19.57,US,1707857153
15,flying fish cove,-10.4217,105.6791,76.68,94,100,3.44,CX,1707857153
16,ribeira grande,38.5167,-28.7,61.77,77,40,17.27,PT,1707857153
17,constitucion,-35.3333,-72.4167,68.18,67,2,7.72,CL,1707856857
18,college,64.8569,-147.8028,39.52,69,75,11.5,US,1707857153
19,juegang,32.3174,121.1855,50.34,91,39,7.16,CN,1707857154
20,pandan,14.0453,124.1694,76.53,86,71,15.57,PH,1707857154
21,yellowknife,62.456,-114.3525,10.42,93,75,4.61,CA,1707856995
22,cascais,38.6979,-9.4215,62.94,98,100,21.99,PT,1707857154
23,quellon,-43.1167,-73.6167,66.16,51,5,11.54,CL,1707857154
24,bredasdorp,-34.5322,20.0403,65.03,84,20,4.16,ZA,1707857154
25,xining,36.6167,101.7667,27.68,52,100,4.76,CN,1707857154
26,tura,25.5198,90.2201,59.52,34,61,2.42,IN,1707857154
27,novyy urgal,51.0736,132.5642,-8.45,99,14,2.37,RU,1707857155
28,avarua,-21.2078,-159.775,84.25,65,20,11.5,CK,1707857155
29,fale old settlement,-9.3852,-171.2468,83.64,79,99,27.49,TK,1707857155
30,hawaiian paradise park,19.5933,-154.9731,79.03,72,20,0.0,US,1707857155
31,elko,41.0002,-115.5012,42.06,65,100,1.25,US,1707857155
32,udachny,66.4167,112.4,-33.56,66,100,5.79,RU,1707857155
33,labrador city,52.9463,-66.9114,18.18,73,100,4.61,CA,1707857155
34,lebu,-37.6167,-73.65,65.39,64,73,11.23,CL,1707857155
35,bilibino,68.0546,166.4372,-38.54,100,92,1.66,RU,1707857156
36,burang,30.25,81.1667,10.99,84,97,3.69,CN,1707857156
37,touros,-5.1989,-35.4608,81.27,75,86,9.8,BR,1707857156
38,sitamau,24.0167,75.35,63.23,50,84,4.63,IN,1707857156
39,akhmim,26.5622,31.745,62.8,31,11,7.87,EG,1707857156
40,grytviken,-54.2811,-36.5092,44.28,95,100,4.56,GS,1707857156
41,sandakan,5.8402,118.1179,78.48,83,20,5.01,MY,1707857156
42,albany,42.6001,-73.9662,41.34,56,100,1.99,US,1707856974
43,iqaluit,63.7506,-68.5145,-4.27,71,75,2.3,CA,1707857156
44,tosontsengel,48.7567,98.2839,-24.93,95,84,0.18,MN,1707857157
45,quezon,7.7303,125.0989,70.66,92,47,4.27,PH,1707857157
46,smithers,54.7804,-127.1743,23.32,93,100,0.0,CA,1707857157
47,kodiak,57.79,-152.4072,38.71,93,100,21.85,US,1707857157
48,port mathurin,-19.6833,63.4167,81.5,79,84,18.41,MU,1707857157
49,dwarka,22.2394,68.9678,71.55,39,36,10.18,IN,1707857157
50,uturoa,-16.7333,-151.4333,80.8,88,100,26.19,PF,1707857157
51,badger,64.8,-147.5333,39.45,77,75,11.5,US,1707857157
52,carnarvon,-24.8667,113.6333,77.9,74,0,15.28,AU,1707857158
53,haiku-pauwela,20.9219,-156.3051,75.22,78,40,6.91,US,1707857159
54,arraial do cabo,-22.9661,-42.0278,87.66,58,40,13.8,BR,1707857159
55,shimoda,34.6667,138.95,52.11,66,0,19.86,JP,1707857159
56,nar'yan-mar,67.6713,53.087,-20.88,98,10,8.01,RU,1707857159
57,yangquan,37.8575,113.5633,43.84,56,65,5.79,CN,1707857159
58,port elizabeth,-33.918,25.5701,72.1,94,100,17.27,ZA,1707856940
59,chinde,26.8418,88.0763,48.72,38,28,5.03,NP,1707857160
60,colonia,50.9333,6.95,48.96,75,0,11.5,DE,1707857045
61,bentong town,3.5167,101.9,75.72,99,62,1.59,MY,1707857160
62,vorgashor,67.5833,63.95,-26.16,97,9,5.79,RU,1707857160
63,blackmans bay,-43.0167,147.3167,51.93,75,61,1.99,AU,1707857160
64,dudinka,69.4058,86.1778,-35.32,99,22,4.0,RU,1707857160
65,sola,-13.8833,167.55,82.26,76,24,11.88,VU,1707857160
66,kalmunai,7.4167,81.8167,77.97,87,86,11.59,LK,1707857160
67,west island,-12.1568,96.8225,82.38,74,40,10.36,CC,1707857161
68,fray luis beltran,-39.3167,-65.7667,84.43,14,7,17.36,AR,1707857161
69,teknaf,20.8624,92.3058,66.6,42,18,8.41,BD,1707857161
70,fortuna,40.5982,-124.1573,60.93,77,100,1.99,US,1707857161
71,hereford,52.0568,-2.7148,53.53,95,100,1.01,GB,1707857161
72,isangel,-19.55,169.2667,80.71,94,75,2.3,VU,1707857161
73,whitehorse,60.7161,-135.0538,25.11,74,75,11.5,CA,1707857162
74,sao francisco de paula,-29.4481,-50.5836,64.69,100,100,5.77,BR,1707857162
75,acajutla,13.5928,-89.8275,87.42,58,20,7.61,SV,1707857162
76,ljusdal,61.8288,16.0913,23.14,97,100,2.55,SE,1707857162
77,fallon,39.4735,-118.7774,51.93,50,100,3.44,US,1707857162
78,mogocha,53.7333,119.7667,-13.97,95,93,3.02,RU,1707857163
79,walvis bay,-22.9575,14.5053,65.35,77,23,1.14,,1707857163
80,enshi,30.3,109.4833,52.57,91,100,1.03,CN,1707857163
81,jamestown,42.097,-79.2353,35.19,75,100,18.41,US,1707856905
82,qaqortoq,60.7167,-46.0333,32.56,99,100,6.2,GL,1707857163
83,puerto natales,-51.7236,-72.4875,66.65,52,75,24.16,CL,1707857163
84,gadzhiyevo,69.2551,33.3362,-0.83,97,99,14.54,RU,1707857165
85,anadyr,64.75,177.4833,-17.9,75,40,13.42,RU,1707857165
86,san martin de los andes,-40.1604,-71.3486,89.65,29,14,5.88,AR,1707857165
87,puerto ayora,-0.7393,-90.3518,84.54,90,38,7.0,EC,1707857165
88,cabo san lucas,22.8909,-109.9124,75.61,56,40,9.22,MX,1707857165
89,petropavlovsk-kamchatsky,53.0452,158.6483,-5.55,88,20,8.95,RU,1707857166
90,olonkinbyen,70.9221,-8.7187,29.43,97,100,14.36,SJ,1707857166
91,vernon,50.2581,-119.2691,40.3,65,83,3.44,CA,1707857020
92,tchintabaraden,15.8969,5.7985,76.35,11,66,11.48,NE,1707857166
93,akureyri,65.6835,-18.0878,28.33,86,75,9.22,IS,1707857166
94,puerto baquerizo moreno,-0.9,-89.6,85.19,70,40,13.8,EC,1707857166
95,usinsk,65.9939,57.5281,-20.92,98,5,4.0,RU,1707857166
96,balqash,46.8481,74.995,11.41,88,100,6.17,KZ,1707857167
97,laojunmiao,39.8333,97.7333,21.2,74,41,0.63,CN,1707857167
98,port saint john's,-31.6229,29.5448,73.26,89,44,5.77,ZA,1707857167
99,greymouth,-42.4667,171.2,60.17,73,8,1.19,NZ,1707857167
100,mata-utu,-13.2816,-176.1745,83.34,78,93,18.28,WF,1707857167
101,siguiri,11.6667,-9.5,84.9,9,0,2.44,GN,1707857167
102,qashyr,53.0675,76.1036,21.49,69,100,23.09,KZ,1707857167
103,dahab,28.501,34.5134,66.96,71,20,2.48,EG,1707857168
104,inarajan village,13.2736,144.7484,79.77,76,86,21.16,GU,1707857168
105,chickasha,35.0526,-97.9364,60.96,31,0,11.5,US,1707857168
106,ashkelon,31.6693,34.5715,64.29,84,81,15.01,IL,1707857168
107,mansa,29.9833,75.3833,51.48,33,0,3.36,IN,1707857168
108,dalian,38.9122,121.6022,37.33,100,75,8.95,CN,1707857169
109,saipan,15.1355,145.701,74.1,94,75,20.71,MP,1707857133
110,tsiombe,-25.3,45.4833,76.03,86,98,14.7,MG,1707857169
111,buka,40.8108,69.1986,49.05,49,96,1.32,UZ,1707857169
112,freetown,8.484,-13.2299,79.39,80,36,8.72,SL,1707857169
113,gatton,-27.55,152.2833,71.42,77,77,1.23,AU,1707857169
114,iskateley,67.6803,53.1512,-20.97,98,9,8.01,RU,1707857170
115,longyearbyen,78.2186,15.6401,24.64,74,40,21.85,SJ,1707857170
116,bodaybo,57.8506,114.1933,0.5,92,100,8.32,RU,1707857170
117,ushuaia,-54.8,-68.3,62.22,55,40,25.32,AR,1707856903
118,isafjordur,66.0755,-23.124,22.48,78,30,8.84,IS,1707857170
119,lahij,13.1667,44.5833,72.54,80,11,6.2,YE,1707857170
120,sinabang,2.4803,96.3801,81.34,77,47,3.06,ID,1707857171
121,tromso,69.6496,18.957,26.62,50,0,10.36,NO,1707857171
122,labytnangi,66.6572,66.4183,-24.25,97,49,4.5,RU,1707857171
123,eynesil,41.0645,39.1438,56.95,61,98,5.79,TR,1707857171
124,baukau,51.5526,7.2042,48.06,76,100,10.98,DE,1707857172
125,vilyuchinsk,52.9306,158.4028,-4.07,82,13,6.96,RU,1707857172
126,san patricio,28.017,-97.5169,70.52,39,89,11.63,US,1707857172
127,rice lake,45.5061,-91.7382,34.65,55,100,4.61,US,1707857172
128,wailua homesteads,22.0669,-159.378,76.12,73,0,5.75,US,1707857172
129,sinjar,36.3209,41.8754,54.93,62,100,8.16,IQ,1707857172
130,jiuquan,39.7432,98.5174,24.19,43,100,5.21,CN,1707857172
131,talnakh,69.4865,88.3972,-28.84,91,20,4.74,RU,1707857172
132,kandiari,26.9156,68.5216,64.22,16,1,5.03,PK,1707857173
133,shenjiamen,29.9576,122.298,52.7,87,94,5.64,CN,1707857173
134,alofi,-19.0595,-169.9187,82.29,74,40,11.5,NU,1707857173
135,edinburgh of the seven seas,-37.0676,-12.3116,64.53,80,52,7.92,SH,1707857173
136,rongelap,11.1635,166.8941,79.23,63,81,19.01,MH,1707857173
137,kone,-21.0595,164.8658,81.54,75,0,4.09,NC,1707857173
138,east london,-33.0153,27.9116,70.57,82,9,6.49,ZA,1707857174
139,rio gallegos,-51.6226,-69.2181,68.05,56,20,12.66,AR,1707857174
140,plettenberg bay,-34.0527,23.3716,65.95,92,8,6.31,ZA,1707857174
141,kristiansund,63.1115,7.732,38.05,52,40,6.91,NO,1707857174
142,chippewa falls,44.9369,-91.3929,36.84,54,100,6.91,US,1707857174
143,afaahiti,-17.75,-149.2833,84.07,91,100,25.84,PF,1707857174
144,veraval,20.9,70.3667,72.14,27,100,11.27,IN,1707857174
145,nadym,65.5333,72.5167,-35.28,97,21,7.74,RU,1707857175
146,happy valley-goose bay,53.3168,-60.3315,26.91,93,100,4.61,CA,1707857175
147,klyuchi,52.2667,79.1667,17.47,66,100,20.42,RU,1707857175
148,santiago de cao,-7.9589,-79.2392,78.93,73,13,11.5,PE,1707857175
149,mossel bay,-34.1831,22.146,69.73,90,14,9.44,ZA,1707857175
150,urangan,-25.3,152.9,75.2,96,15,5.99,AU,1707857175
151,constantia,44.1833,28.65,45.7,81,100,9.51,RO,1707857175
152,faya-largeau,17.9257,19.1043,73.76,15,0,12.55,TD,1707857176
153,imbituba,-28.24,-48.6703,75.49,94,100,8.93,BR,1707857176
154,kupino,54.3663,77.2981,18.99,76,100,22.06,RU,1707857176
155,lesnoy,57.6198,63.0784,-1.93,90,100,16.75,RU,1707857176
156,poltavka,54.3663,71.7632,24.01,95,100,16.91,RU,1707857176
157,lufilufi,-13.8745,-171.5986,82.18,85,100,16.49,WS,1707857176
158,darwin,-12.4611,130.8418,75.18,94,75,10.36,AU,1707857176
159,island harbour,50.724,-1.2758,54.16,94,100,7.0,GB,1707857177
160,aral,40.5156,81.2636,30.65,55,0,8.72,CN,1707857177
161,okazaki,34.95,137.1667,42.71,71,0,4.07,JP,1707857177
162,fortaleza,-3.7227,-38.5247,85.06,89,75,9.22,BR,1707857177
163,palmer,42.1584,-72.3287,36.63,75,100,14.97,US,1707857177
164,lompoc,34.6391,-120.4579,68.02,67,0,11.5,US,1707857177
165,pathein,16.7833,94.7333,68.52,79,0,5.53,MM,1707857178
166,fukuecho,32.6881,128.8419,60.46,75,100,11.12,JP,1707857178
167,port alfred,-33.5906,26.891,67.17,90,50,5.01,ZA,1707857178
168,lucapa,-8.4192,20.7447,69.73,90,93,1.07,AO,1707857178
169,calipatria,33.1256,-115.5142,68.49,21,59,2.13,US,1707857178
170,necocli,8.4234,-76.786,84.79,72,99,11.32,CO,1707857178
171,corinto,37.9407,22.9573,51.98,79,16,4.61,GR,1707857178
172,sungailiat,-1.85,106.1333,79.77,85,98,7.61,ID,1707857178
173,isanlu-itedoijowa,8.2667,5.8333,88.12,21,25,1.34,NG,1707857179
174,giyani,-23.3025,30.7187,76.41,49,0,2.82,ZA,1707857179
175,sisimiut,66.9395,-53.6735,-5.73,75,0,12.08,GL,1707857179
176,richards bay,-28.783,32.0377,71.24,82,0,8.37,ZA,1707857179
177,jabor,5.921,169.6434,81.72,78,62,17.65,MH,1707857179
178,champerico,14.3,-91.9167,97.34,60,4,12.33,GT,1707857179
179,andijon,40.7821,72.3442,43.88,57,79,2.26,UZ,1707857179
180,miyaly,48.8844,53.7836,33.03,100,100,0.89,KZ,1707857180
181,auki,-8.7676,160.7034,79.97,86,91,10.31,SB,1707857180
182,jean-rabel,19.8533,-73.1917,82.04,62,2,9.44,HT,1707857180
183,tabou,4.423,-7.3528,81.7,86,12,8.32,CI,1707857180
184,gamboula,4.1178,15.1393,78.26,26,31,3.31,CF,1707857180
185,viana do castelo,41.6932,-8.8329,59.77,94,99,8.41,PT,1707857180
186,togitsu,32.8333,129.85,50.99,87,100,6.38,JP,1707857180
187,hola,51.5377,23.1902,39.38,66,70,11.03,PL,1707857181
188,maragogi,-9.0122,-35.2225,81.25,76,100,6.24,BR,1707857181
189,waltrop,51.6333,7.4,47.25,75,0,10.36,DE,1707857181
190,kendari,-3.945,122.4989,77.77,88,100,2.51,ID,1707857181
191,doka,13.5167,35.7667,79.97,16,31,8.46,SD,1707857181
192,keflavik,64.0049,-22.5624,27.03,80,0,8.05,IS,1707857181
193,itaituba,-4.2761,-55.9836,82.56,78,75,4.61,BR,1707857181
194,sarmiento,-45.5882,-69.07,90.16,10,5,13.31,AR,1707857182
195,utrik,11.2278,169.8474,79.14,75,100,17.65,MH,1707857182
196,concepcion,-36.827,-73.0498,64.2,77,20,23.02,CL,1707856921
197,corcoran,36.098,-119.5604,62.58,51,44,4.5,US,1707857178
198,i-n-salah,27.1935,2.4607,73.47,32,0,12.17,DZ,1707857182
199,ancud,-41.8697,-73.8203,67.93,55,3,5.26,CL,1707857182
200,margate,51.3813,1.3862,51.69,94,100,14.0,GB,1707856898
201,la trinite,14.7376,-60.9629,84.25,65,20,14.97,MQ,1707857182
202,ar rumaythah,31.5263,45.2025,65.16,52,92,12.62,IQ,1707857182
203,arar,30.9753,41.0381,60.82,59,0,18.41,SA,1707857183
204,alice springs,-23.7,133.8833,72.95,64,0,0.0,AU,1707857183
205,acarau,-2.8856,-40.12,81.84,75,100,14.0,BR,1707857183
206,tofol,5.3248,163.0078,81.79,81,100,20.22,FM,1707857183
207,jampur,29.6441,70.5954,57.69,22,0,5.32,PK,1707857183
208,lokomotivnyy,53.0118,60.5684,20.41,86,92,11.99,RU,1707857183
209,alavus,62.5833,23.6167,17.51,90,98,15.01,FI,1707857183
210,perry,37.2506,-83.1999,50.18,63,25,8.59,US,1707856984
211,ayr,55.4627,-4.6339,38.32,87,20,3.44,GB,1707857184
212,cockburn town,21.4612,-71.1419,78.08,77,2,5.57,TC,1707856896
213,ibotirama,-12.1853,-43.2206,80.92,66,65,4.16,BR,1707857184
214,agat village,13.3886,144.6585,79.74,69,75,10.36,GU,1707857184
215,kapuskasing,49.4169,-82.4331,14.09,62,40,14.97,CA,1707857184
216,nueva guinea,11.6876,-84.4562,89.02,41,45,16.84,NI,1707857185
217,tra mhor,52.1624,-7.1524,51.1,84,100,9.22,IE,1707857185
218,santa cruz,-17.8,-63.1667,80.06,73,75,17.27,BO,1707857185
219,sooke,48.3746,-123.7276,48.24,76,68,11.5,CA,1707857042
220,felege neway,6.3,36.8833,67.86,74,100,0.45,ET,1707857185
221,khandyga,62.6667,135.6,-34.96,100,100,1.97,RU,1707857185
222,hermanus,-34.4187,19.2345,60.8,88,7,4.65,ZA,1707857185
223,bhabhua,25.05,83.6167,63.5,91,78,2.46,IN,1707857185
224,zeya,53.75,127.2667,-0.51,76,2,7.47,RU,1707857186
225,nkongsamba,4.9547,9.9404,72.72,77,100,0.69,CM,1707857186
226,trairi,-3.2778,-39.2689,80.51,80,76,7.7,BR,1707857033
227,brokopondo,4.75,-55.1667,87.82,57,82,6.76,SR,1707857186
228,santa terezinha,-29.9002,-50.0904,70.3,93,100,15.3,BR,1707857186
229,sao francisco,-15.9486,-44.8644,80.74,69,17,2.98,BR,1707857186
230,damaturu,11.747,11.9608,74.55,10,0,9.46,NG,1707857186
231,mvurwi,-17.0333,30.85,61.56,91,2,2.77,ZW,1707857186
232,tanjung sepat,2.6579,101.5629,80.74,80,20,6.91,MY,1707857187
233,susanville,40.4163,-120.653,44.82,61,100,1.01,US,1707856989
234,padang,-0.9492,100.3543,82.45,82,35,4.65,ID,1707857187
235,aasiaat,68.7098,-52.8699,-24.3,96,31,10.54,GL,1707857187
236,tolanaro,-25.0319,46.9987,75.27,100,75,13.8,MG,1707857187
237,novaya igirma,57.1334,103.9112,-1.16,95,100,5.17,RU,1707857187
238,marka,1.7159,44.7717,78.76,89,19,17.43,SO,1707857187
239,banda aceh,5.5577,95.3222,78.3,84,25,10.98,ID,1707857187
240,kupang,-10.1667,123.5833,79.38,100,100,2.3,ID,1707857188
241,puerto penasco,31.3167,-113.5333,64.38,68,0,5.75,MX,1707857189
242,campo grande,-20.4428,-54.6464,81.95,74,40,9.22,BR,1707857189
243,warmbad,-28.45,18.7333,81.21,21,45,14.81,,1707857189
244,glace bay,46.1969,-59.957,33.78,79,75,8.05,CA,1707857189
245,chernomorskoye,45.5039,32.6997,45.16,94,100,4.92,UA,1707857189
246,xiongzhou,25.1167,114.3,57.92,90,4,2.89,CN,1707857189
247,georgetown,5.4112,100.3354,82.33,80,20,6.91,MY,1707857182
248,quarai,-30.3875,-56.4514,75.24,53,100,13.73,BR,1707857190
249,tual,-5.6667,132.75,83.3,78,100,17.76,ID,1707857190
250,stanley,54.868,-1.6985,42.39,96,20,0.0,GB,1707857190
251,sabha,27.0377,14.4283,59.85,34,0,10.67,LY,1707857190
252,wagar,16.1525,36.2032,79.09,13,1,6.22,SD,1707857190
253,pontianak,-0.0333,109.3333,76.98,100,100,3.44,ID,1707857190
254,kerikeri,-35.2268,173.9474,66.9,87,10,4.99,NZ,1707857191
255,gebeit,21.0667,36.3167,66.42,47,0,1.39,SD,1707857191
256,riviere-du-loup,47.8304,-69.5342,23.88,63,28,3.44,CA,1707857191
257,galliano,29.4422,-90.2992,57.2,58,0,5.75,US,1707857191
258,bolivar,37.6145,-93.4105,59.59,44,0,14.81,US,1707857191
259,shetpe,44.1667,52.1167,51.06,50,100,10.31,KZ,1707857191
260,eyl,7.9803,49.8164,77.11,81,8,13.71,SO,1707857191
261,betong,5.7743,101.0723,70.92,97,39,2.77,TH,1707857191
262,dingras,18.1032,120.6967,71.35,78,20,4.61,PH,1707857192
263,tiruchchendur,8.4833,78.1167,78.8,82,26,16.08,IN,1707857192
264,santa elena de uairen,4.6167,-61.1333,80.89,51,75,5.1,VE,1707857192
265,port lincoln,-34.7333,135.8667,59.16,62,42,10.71,AU,1707857192
266,tazovsky,67.4667,78.7,-40.58,100,46,4.21,RU,1707857192
267,leninskoye,41.7589,69.3864,45.97,51,99,3.18,KZ,1707857192
268,queenstown,-31.8976,26.8753,63.79,80,19,3.53,ZA,1707857192
269,hornell,42.3279,-77.6611,38.61,77,99,8.01,US,1707856997
270,tazacorte,28.629,-17.9293,73.15,56,40,5.75,ES,1707857193
271,nyagan,62.1406,65.3936,-18.78,87,100,10.65,RU,1707857193
272,ar ruways,24.1103,52.7306,66.85,85,0,5.46,AE,1707857193
273,puerto colombia,10.9878,-74.9547,89.69,76,82,20.51,CO,1707857193
274,gulf shores,30.246,-87.7008,62.65,49,0,5.75,US,1707857193
275,puerto carreno,6.189,-67.4859,96.78,38,20,6.91,CO,1707857193
276,loreto,22.2667,-101.9667,67.55,33,100,22.79,MX,1707857193
277,yuzhno-kurilsk,44.0306,145.8556,32.38,87,0,4.18,RU,1707857194
278,oriximina,-1.7656,-55.8661,77.67,91,97,4.61,BR,1707857194
279,nguigmi,14.2495,13.1092,76.26,21,0,12.08,NE,1707857194
280,tralee,52.2704,-9.7026,49.66,99,100,5.19,IE,1707857194
281,al bawiti,28.3492,28.8659,57.69,37,67,8.08,EG,1707857194
282,kattivakkam,13.2167,80.3167,78.89,79,24,10.09,IN,1707857194
283,port sudan,19.6175,37.2164,75.47,76,0,5.17,SD,1707857194
284,nuku'alofa,-21.1333,-175.2,80.94,89,75,12.66,TO,1707857195
285,danao,10.5208,124.0272,77.05,80,14,10.94,PH,1707857195
286,wenchang,30.904,118.4887,52.56,75,6,4.18,CN,1707857195
287,enewetak,11.3474,162.3373,79.02,78,93,15.99,MH,1707857195
288,umluj,25.0213,37.2685,73.13,56,0,10.78,SA,1707857195
289,la'ie,21.6477,-157.9253,79.45,69,0,4.0,US,1707857195
290,namibe,-15.1961,12.1522,81.5,73,98,14.12,AO,1707857195
291,dimbokro,6.6451,-4.7048,86.49,64,56,6.64,CI,1707857196
292,crane,31.3974,-102.3501,66.18,16,23,15.46,US,1707857196
293,crateus,-5.1783,-40.6775,83.91,53,89,1.79,BR,1707857196
294,kapa'a,22.0752,-159.319,77.47,73,0,5.75,US,1707857196
295,al kharijah,25.4514,30.5464,61.47,26,1,8.43,EG,1707857196
296,da nang,16.0678,108.2208,71.58,83,75,1.14,VN,1707857196
297,katsuren-haebaru,26.3369,127.8719,72.37,72,75,18.41,JP,1707857197
298,buala,-8.145,159.5921,80.6,80,90,6.4,SB,1707857197
299,sarankhola,22.3082,89.7897,66.9,43,57,3.96,BD,1707857197
300,hamilton,39.1834,-84.5333,52.2,37,20,11.5,US,1707857036
301,souillac,-20.5167,57.5167,81.36,89,40,5.75,MU,1707857197
302,nanao,37.05,136.9667,45.18,72,10,10.2,JP,1707857198
303,selcuk,37.9514,27.3685,58.01,85,5,2.62,TR,1707857198
304,elliot,-31.3333,27.85,60.49,83,42,1.54,ZA,1707857198
305,hauterive,46.0901,3.4459,50.76,65,79,3.89,FR,1707857198
306,malpe,13.35,74.7167,76.3,81,63,2.95,IN,1707857198
307,balabac,7.9868,117.0645,79.83,80,100,18.5,PH,1707857198
308,megion,61.0296,76.1136,-17.99,94,100,13.73,RU,1707857198
309,baglung,28.2719,83.5898,51.28,35,92,5.84,NP,1707857199
310,prince rupert,54.3161,-130.3201,37.49,93,0,2.3,CA,1707857199
311,coquimbo,-29.9533,-71.3436,71.33,73,40,10.36,CL,1707857199
312,bikenibeu village,1.3673,173.1241,82.36,89,75,5.75,KI,1707857199
313,nelson bay,-32.7167,152.15,78.01,89,0,3.0,AU,1707857199
314,greenville,35.6127,-77.3663,60.96,45,40,6.91,US,1707857199
315,alta sierra,35.7291,-118.5495,45.1,46,94,5.61,US,1707857199
316,pisco,-13.7,-76.2167,84.25,54,0,17.27,PE,1707857081
317,kyenjojo,0.6328,30.6214,64.81,90,61,2.17,UG,1707857200
318,kayangel,8.0823,134.7173,80.35,75,6,24.11,PW,1707857200
319,berezovyy,51.6667,135.7,-3.23,98,88,2.77,RU,1707857200
320,mangai,-4.05,19.5333,76.5,85,96,2.24,CD,1707857200
321,kangaba,11.9333,-8.4167,85.77,9,0,4.9,ML,1707857200
322,itaueira,-7.6033,-43.0256,83.79,59,100,8.34,BR,1707857200
323,wuwei,37.9281,102.6414,26.53,31,100,2.66,CN,1707857201
324,lihue,21.9789,-159.3672,76.73,73,0,5.75,US,1707857201
325,alghero,40.5589,8.3181,48.29,93,20,1.14,IT,1707857201
326,chonchi,-42.6128,-73.8092,76.21,31,11,1.95,CL,1707857201
327,ardatov,55.2421,43.097,1.85,100,96,7.07,RU,1707857201
328,nushki,29.5542,66.0215,55.38,30,0,0.34,PK,1707857201
329,balcarce,-37.8462,-58.2552,67.82,54,0,3.0,AR,1707857201
330,parvatipuram,18.7833,83.4333,65.98,83,95,0.74,IN,1707857201
331,atafu village,-8.5421,-172.5159,81.0,86,100,24.58,TK,1707857202
332,coracora,-15.0333,-73.7833,59.07,76,84,9.8,PE,1707857202
333,kittila,67.6647,24.8936,-3.86,84,0,1.14,FI,1707857202
334,carutapera,-1.195,-46.02,76.28,93,100,3.36,BR,1707857202
335,taltal,-25.4,-70.4833,71.87,71,73,5.12,CL,1707857202
336,al lagowa,11.4,29.1333,83.35,12,100,11.88,SD,1707857202
337,al jawf,29.5,38.75,62.8,30,36,10.11,SA,1707857202
338,aleksandrov gay,50.147,48.5704,33.6,99,100,9.66,RU,1707857203
339,roma,43.2128,-75.4557,40.51,51,20,12.66,US,1707856916
340,bahir dar,11.5936,37.3908,68.88,29,5,4.29,ET,1707857203
341,remire-montjoly,4.9167,-52.2667,84.24,79,75,14.97,GF,1707857203
342,ca mau,9.1769,105.15,76.69,83,28,9.24,VN,1707857203
343,san pedro pochutla,15.7333,-96.4667,87.51,46,0,7.94,MX,1707857204
344,newman,37.3138,-121.0208,60.3,67,14,1.99,US,1707857204
345,portales,34.1862,-103.3344,59.32,31,0,10.33,US,1707857204
346,rio grande,-32.035,-52.0986,78.91,62,100,16.37,BR,1707857204
347,san carlos,9.6612,-68.5827,95.09,28,80,5.75,VE,1707857204
348,bria,6.5423,21.9863,82.42,20,29,5.01,CF,1707857204
349,inhambane,-23.865,35.3833,73.94,85,0,7.14,MZ,1707857204
350,pueblo nuevo,23.3833,-105.3833,64.2,26,91,8.7,MX,1707857205
351,nabire,-3.3667,135.4833,75.31,92,100,2.57,ID,1707857205
352,sucua,-2.4667,-78.1667,77.02,76,93,3.06,EC,1707857205
353,ketchikan,55.3422,-131.6461,40.33,70,0,12.66,US,1707857205
354,ribeira brava,32.65,-17.0667,68.63,66,100,7.99,PT,1707857205
355,san felipe,10.3399,-68.7425,86.34,54,83,8.75,VE,1707857205
356,porto novo,6.4965,2.6036,85.82,85,0,6.26,BJ,1707857056
357,jieshi,22.8134,115.8257,62.74,83,24,7.74,CN,1707857205
358,hithadhoo,-0.6,73.0833,83.05,80,100,14.72,MV,1707857207
359,wharton,29.3116,-96.1027,68.29,29,0,3.44,US,1707857207
360,maba,24.6841,113.5984,58.98,32,13,2.26,CN,1707857207
361,lexington,37.9887,-84.4777,53.6,44,40,8.05,US,1707857052
362,nova sintra,14.8667,-24.7167,68.74,76,0,12.57,CV,1707857207
363,malmesbury,-33.4608,18.7271,63.75,92,22,4.5,ZA,1707857207
364,grants,35.1473,-107.8514,53.83,20,0,11.5,US,1707857207
365,undurkhaan,47.3194,110.6556,-10.64,95,97,2.77,MN,1707857207
366,yerofey pavlovich,53.9667,121.9667,-5.46,98,100,1.66,RU,1707857208
367,hobyo,5.3505,48.5268,79.34,80,55,16.15,SO,1707857208
368,tamandare,-8.7597,-35.1047,81.19,77,100,5.79,BR,1707857208
369,howard springs,-12.497,131.047,75.11,93,100,8.28,AU,1707857208
370,arkhangel'sk,64.5401,40.5433,-21.87,75,0,4.47,RU,1707857208
371,auna,10.1881,4.7232,86.23,14,0,4.7,NG,1707857208
372,casper,42.8666,-106.3131,44.82,34,40,12.66,US,1707857209
373,daru,-9.0763,143.2092,78.06,91,100,8.25,PG,1707857209
374,nuuk,64.1835,-51.7216,11.01,67,20,19.57,GL,1707857184
375,mitu,1.1983,-70.1733,82.36,70,100,2.15,CO,1707857209
376,fort mcmurray,56.7268,-111.381,22.59,79,100,1.14,CA,1707857141
377,longquan,24.6719,102.1613,43.63,60,19,2.3,CN,1707857209
378,benguela,-12.5763,13.4055,83.53,77,100,3.49,AO,1707857209
379,pimentel,-6.8367,-79.9342,88.09,48,0,19.57,PE,1707857210
380,micheweni,-4.9667,39.8333,82.17,77,77,9.13,TZ,1707857210
381,la passe,45.5549,-0.8967,52.03,81,83,7.23,FR,1707857210
382,wang nam yen,13.5033,102.1812,72.81,45,11,3.78,TH,1707857210
383,lewistown,40.5992,-77.5714,42.37,48,40,16.11,US,1707857210
384,dali,25.7,100.1833,41.76,63,14,4.83,CN,1707857211
385,saryaghash,41.45,69.1667,44.53,49,97,5.55,KZ,1707857211
386,finale ligure,44.1695,8.3436,54.32,70,1,4.0,IT,1707857211
387,griffith,41.5284,-87.4237,43.14,55,0,12.66,US,1707857211
388,st. john's,47.5649,-52.7093,33.15,81,100,11.5,CA,1707857199
389,saint-leu,-21.15,55.2833,79.63,83,96,0.81,RE,1707857211
390,pavlodar,52.3,76.95,15.6,62,0,20.13,KZ,1707857211
391,yemetsk,63.4721,41.7941,-27.45,100,6,2.57,RU,1707857211
392,phai sali,15.5976,100.6585,74.08,42,8,5.39,TH,1707857211
393,meulaboh,4.1363,96.1285,77.52,83,46,4.88,ID,1707857212
394,east ballina,-28.8667,153.5833,66.79,76,7,4.45,AU,1707857212
395,thohoyandou,-22.9456,30.485,71.47,56,2,1.45,ZA,1707857212
396,nueil-les-aubiers,46.9377,-0.5887,50.9,92,100,13.2,FR,1707857212
397,lorengau,-2.0226,147.2712,81.73,81,89,10.56,PG,1707857212
398,szczecinek,53.7079,16.6994,38.8,90,76,7.16,PL,1707857212
399,kheda,22.75,72.6833,68.29,21,50,7.81,IN,1707857212
400,suining,30.508,105.5733,56.08,64,63,5.35,CN,1707857213
401,guerrero negro,27.9769,-114.0611,66.04,34,0,10.65,MX,1707857062
402,kingston,17.997,-76.7936,86.95,68,40,20.71,JM,1707857149
403,eirunepe,-6.6603,-69.8736,73.96,97,100,1.68,BR,1707857213
404,chibougamau,49.9168,-74.3659,8.22,72,100,9.22,CA,1707857213
405,storm lake,42.6411,-95.2097,44.44,56,20,0.0,US,1707857134
406,dikhil,11.5,42.1667,73.22,72,82,14.9,DJ,1707857214
407,kavaratti,10.5669,72.642,82.2,67,1,11.12,IN,1707857214
408,karelichy,53.5653,26.1378,36.45,96,100,10.33,BY,1707857214
409,sao jose da coroa grande,-8.8978,-35.1478,81.28,77,100,6.44,BR,1707857214
410,xichang,27.8964,102.2634,42.67,52,0,1.3,CN,1707857214
411,hadibu,12.65,54.0333,76.05,77,21,8.12,YE,1707857214
412,northam,51.0333,-4.2167,53.38,98,100,17.36,GB,1707857214
413,rajula,21.05,71.4333,72.01,22,100,8.79,IN,1707857214
414,hasaki,35.7333,140.8333,34.2,55,0,5.08,JP,1707857215
415,brookings,44.3114,-96.7984,40.17,67,100,10.36,US,1707856979
416,selfoss,63.9331,-20.9971,18.07,90,8,8.5,IS,1707857215
417,isola di capo rizzuto,38.96,17.0933,49.19,75,99,12.91,IT,1707857215
418,broome,42.2506,-75.833,37.35,70,75,14.97,US,1707857215
419,macapa,0.0389,-51.0664,78.78,89,100,5.75,BR,1707857215
420,prince george,53.9166,-122.753,17.04,92,100,0.0,CA,1707857111
421,kalispell,48.1958,-114.3129,35.17,79,100,18.41,US,1707856999
422,nyurba,63.2842,118.3319,-34.55,99,98,3.8,RU,1707857216
423,nanlong,31.3533,106.0631,53.83,65,100,5.41,CN,1707857217
424,tarawa,1.419,172.984,82.49,89,75,5.75,KI,1707857217
425,sinop,41.7711,34.8709,49.75,65,86,2.06,TR,1707857217
426,geraldton,-28.7667,114.6,66.61,68,0,3.44,AU,1707857073
427,jangaon,17.7167,79.1833,66.4,88,97,8.28,IN,1707857217
428,kirakira,-10.4544,161.9205,81.18,81,100,7.45,SB,1707857217
429,la ronge,55.1001,-105.2842,16.05,79,100,18.41,CA,1707857218
430,semey,50.4111,80.2275,11.57,74,100,19.15,KZ,1707857218
431,blackwater,-23.5833,148.8833,75.47,84,95,8.97,AU,1707857218
432,ola,59.5833,151.2833,-19.71,95,45,6.73,RU,1707857218
433,lerwick,60.1545,-1.1494,44.6,77,95,22.53,GB,1707857218
434,pop,40.8736,71.1089,46.89,50,100,0.58,UZ,1707857218
435,el calafate,-50.3408,-72.2768,56.91,80,100,5.82,AR,1707857084
436,salalah,17.0151,54.0924,78.89,69,20,2.3,OM,1707857219
437,grande prairie,55.1667,-118.8027,28.58,59,40,0.0,CA,1707857219
438,khilok,51.3674,110.4676,-0.2,93,100,6.49,RU,1707857219
439,cova figueira,14.8905,-24.2934,70.11,78,0,11.03,CV,1707857219
440,charters towers,-20.1,146.2667,75.61,83,50,4.65,AU,1707857219
441,nehe,48.4833,124.8333,7.81,92,84,7.49,CN,1707857219
442,shar'ya,58.3686,45.5144,-11.02,100,33,5.01,RU,1707857219
443,fort st. john,56.2499,-120.8529,24.69,58,20,10.36,CA,1707857219
444,gereida,11.2811,25.1414,80.29,12,81,6.46,SD,1707857220
445,magadan,59.5667,150.8,-17.7,97,79,5.73,RU,1707857220
446,bubaque,11.2833,-15.8333,79.83,73,96,17.6,GW,1707857220
447,beirut,33.8889,35.4944,66.38,52,40,2.3,LB,1707857220
448,humaita,-7.5061,-63.0208,83.37,71,65,4.65,BR,1707857220
449,ghadamis,30.1337,9.5007,60.03,35,0,6.78,LY,1707857220
450,kaduy,59.2,37.15,-4.07,98,33,6.08,RU,1707857220
451,cidreira,-30.1811,-50.2056,70.11,88,100,16.46,BR,1707857220
452,moose jaw,50.4001,-105.5344,23.27,68,75,21.85,CA,1707857221
453,ta`u,-14.2336,-169.5144,82.04,85,100,18.72,AS,1707857223
454,iaciara,-14.0958,-46.6317,80.08,62,31,4.59,BR,1707857223
455,hilo,19.7297,-155.09,79.25,66,20,3.0,US,1707857223
456,akobo,7.4344,3.9497,82.71,70,41,5.14,NG,1707857223
457,harstad,68.799,16.5293,31.39,60,100,52.01,NO,1707857223
458,oxapampa,-10.5775,-75.4017,66.79,91,96,2.48,PE,1707857223
459,kavieng,-2.5744,150.7967,81.21,82,100,10.04,PG,1707857223
460,christchurch,-43.5333,172.6333,70.41,78,0,10.36,NZ,1707857020
461,luang namtha,20.9497,101.4011,60.24,65,48,0.63,LA,1707857224
462,ulsteinvik,62.3432,5.8487,41.9,78,70,12.93,NO,1707857224
463,boksitogorsk,59.474,33.8485,4.6,89,9,10.87,RU,1707857225
464,lata,40.1629,-8.3327,63.91,96,100,3.29,PT,1707857225
465,sechura,-5.5569,-80.8222,87.6,56,79,15.32,PE,1707857225
466,kununurra,-15.7667,128.7333,75.18,94,75,4.61,AU,1707857226
467,katsuura,35.1333,140.3,53.06,67,0,14.81,JP,1707857226
468,mount isa,-20.7333,139.5,74.97,94,40,3.44,AU,1707857226
469,vadso,70.0744,29.7487,10.56,79,40,19.57,NO,1707857227
470,sitka,57.0531,-135.33,37.29,75,20,3.44,US,1707857227
471,jayapura,-2.5333,140.7,76.39,88,100,4.12,ID,1707857227
472,arvayheer,46.2639,102.775,2.57,77,0,3.02,MN,1707857227
473,popondetta,-8.7537,148.2534,76.23,92,100,1.86,PG,1707857227
474,gilgit,35.9221,74.3087,34.56,35,0,3.42,PK,1707857227
475,kiunga,-6.1219,141.2906,74.07,100,100,2.21,PG,1707857227
476,olyokminsk,60.3736,120.4264,-14.64,97,100,3.76,RU,1707857228
477,tommot,58.9564,126.2925,-16.06,98,99,2.82,RU,1707857228
478,maqat,47.65,53.3167,35.58,99,100,6.67,KZ,1707857228
479,moyynkum,44.2914,72.9469,38.64,96,100,2.42,KZ,1707857229
480,bakchar,57.0186,82.0711,10.36,91,100,9.15,RU,1707857229
481,port blair,11.6667,92.75,80.64,78,40,4.61,IN,1707857229
482,baiti,13.745,-14.7482,92.07,8,92,4.94,SN,1707857229
483,palmares do sul,-30.2578,-50.5097,69.13,88,100,11.9,BR,1707857229
484,puttalam,8.0362,79.8283,76.08,91,90,12.66,LK,1707857229
485,sierra grande,-41.606,-65.3557,84.85,11,90,24.45,AR,1707857229
486,ciudad lazaro cardenas,17.9583,-102.2,82.49,56,51,8.14,MX,1707857230
487,dunedin,-45.8742,170.5036,73.08,42,0,6.93,NZ,1707857230
488,manado,1.487,124.8455,77.77,100,40,1.14,ID,1707857230
489,tateyama,34.9833,139.8667,48.09,59,0,16.49,JP,1707856988
490,cabedelo,-6.9811,-34.8339,84.87,74,98,8.95,BR,1707857231
491,boguchany,58.3814,97.4531,-3.14,100,100,3.0,RU,1707857231
492,konstantinovka,49.6167,127.9833,-4.14,99,15,5.84,RU,1707857232
493,susuman,62.7833,148.1667,-49.02,100,87,0.22,RU,1707857232
494,polyany,54.7122,39.8231,13.48,90,100,10.09,RU,1707857232
495,kailua-kona,19.6406,-155.9956,80.56,65,20,8.05,US,1707857232
496,merowe,18.4833,31.8167,72.12,7,0,7.78,SD,1707857232
497,okha,53.5739,142.9478,0.23,93,100,10.25,RU,1707857232
498,nykvarn,59.8,18.3,31.82,97,100,6.06,SE,1707857232
499,zambezi,-13.5432,23.1047,71.22,72,65,5.12,ZM,1707857233
500,severo-yeniseyskiy,60.3725,93.0408,-14.35,98,100,3.94,RU,1707857233
501,chernyshevskiy,63.0128,112.4714,-47.45,100,83,2.66,RU,1707857233
502,laghouat,33.8,2.8651,57.87,55,3,4.97,DZ,1707857233
503,pangody,65.85,74.4859,-34.55,98,20,7.76,RU,1707857233
504,juan griego,11.0817,-63.9655,81.21,74,78,20.24,VE,1707857233
505,okhtyrka,50.3104,34.8988,45.0,93,100,9.13,UA,1707857233
506,chifeng,42.2683,118.9636,25.99,57,54,2.53,CN,1707857234
507,sona,45.4388,10.8255,50.25,93,0,1.14,IT,1707857234
508,howrah,22.5892,88.3103,64.4,88,40,0.0,IN,1707857234
509,panj,37.2363,69.0991,51.15,39,99,6.2,TJ,1707857234
510,srisailain,16.0833,78.8667,64.6,92,54,3.31,IN,1707857235
511,diamantina,-18.2494,-43.6003,70.84,75,82,5.12,BR,1707857235
512,tshikapa,-6.4167,20.8,72.55,94,100,2.89,CD,1707857235
513,ust'-ilimsk,58.0006,102.6619,4.23,92,100,8.99,RU,1707857235
514,vallegrande,-18.4897,-64.1069,57.65,98,100,3.24,BO,1707857235
515,palapag,12.5458,125.1147,75.79,88,39,9.91,PH,1707857235
516,taro,-8.3862,115.28,73.4,94,88,1.63,ID,1707857236
517,'ain benian,36.8028,2.9219,55.45,78,32,4.43,DZ,1707857236
518,amga,60.8953,131.9608,-17.91,98,100,4.25,RU,1707857236
519,yeppoon,-23.1333,150.7333,74.98,85,65,9.19,AU,1707857236
520,nagato,34.3833,131.2,52.11,79,100,10.0,JP,1707857236
521,misratah,32.3754,15.0925,60.84,69,35,22.79,LY,1707857236
522,huambo,-12.7761,15.7392,62.96,91,28,2.91,AO,1707857236
523,kolosovka,56.4678,73.611,15.37,95,100,12.84,RU,1707857237
524,lieksa,63.3167,30.0167,1.45,88,14,12.21,FI,1707857237
525,dzuunmod,48.2199,97.3744,-11.9,71,46,7.52,MN,1707857237
526,bochum,51.4833,7.2167,47.52,75,100,4.0,DE,1707857041
527,carbonear,47.7332,-53.2148,33.6,80,98,8.55,CA,1707857237
528,villa la angostura,-40.7617,-71.6463,83.39,22,59,3.85,AR,1707857237
529,san luis de la loma,17.2706,-100.8939,83.91,53,7,7.72,MX,1707857237
530,macas,-2.3167,-78.1167,75.09,81,93,2.68,EC,1707857238
531,shiqian,27.5225,108.2281,55.9,94,99,3.51,CN,1707857238
532,laascaanood,8.4774,47.3597,72.28,64,12,11.25,SO,1707857238
533,belyy yar,53.6039,91.3903,15.69,57,0,8.95,RU,1707857238
534,kargasok,59.0556,80.8572,1.96,97,100,5.99,RU,1707857238
535,umba,66.6871,34.3429,-15.68,99,94,5.26,RU,1707857238
536,oumache,34.6929,5.6809,66.49,45,0,2.3,DZ,1707857239
537,maralal,1.0968,36.698,63.93,65,20,7.83,KE,1707857239
538,turpan,42.9333,89.1667,36.21,38,0,4.83,CN,1707857239
539,gorontalo,0.5412,123.0595,74.61,92,98,3.67,ID,1707857239
540,nova olinda do norte,-3.8881,-59.0942,78.26,92,95,2.04,BR,1707857240
541,morondava,-20.2833,44.2833,81.5,75,100,4.61,MG,1707857241
542,zhaqsy,51.9083,67.3133,28.83,96,100,23.62,KZ,1707857241
